Code,Description,pax_1990,pax_1991,pax_1992,pax_1993,pax_1994,pax_1995,pax_1996,pax_1997,pax_1998,pax_1999,pax_2000,pax_2001,pax_2002,pax_2003,pax_2004,pax_2005,pax_2006,pax_2007,pax_2008,pax_2009,pax_2010,pax_2011,pax_2012,pax_2013,pax_2014,pax_2015,pax_2016,pax_2017,pax_2018,pax_2019,pax_2020,pax_2021,pax_2022
7,Aero Commander 200,,,,,,,,,,,,,,,,,,,,,,,,,,,,,,,,,
8,Aero Macchi AL-60,,,,,,,,,,,,,,,,,,,,,,,,,,,,,,,,,
9,Aeronca 7-AC,,,,,,,,,,,,,0.0,,,,,,,,,,,,,,,,,,,,
10,Beech Bonanza 35A/C/D/E/G/H/J/K/S/V/  36A,,,,,,,,,,,,,110.0,142.0,94.0,189.0,748.0,956.0,885.0,639.0,642.0,621.0,717.0,933.0,943.0,517.0,640.0,571.0,487.0,511.0,134.0,22.0,
20,Bellanca CH-300,,,,,,,,,,,,,,,,,,,,,,,,,,,,,,,,,
24,Beech B-23 Musketeer,,,,,,,,,,,,,,,,,18.0,,,,,,,,,,,,,,,,
26,Gipps Aero Ga8 Airvan,,,,,,,,,,,,,,,,,,,,,,,,,3492.0,8537.0,9716.0,18292.0,21767.0,20767.0,11771.0,13874.0,22466.0
29,Cessna 150/152,,,,,,,,,,,,,,,,,,,,,,,,,,,,,,,,,
30,Cessna 180,,,,,,,,,,,,,451.0,1384.0,987.0,1064.0,1294.0,682.0,587.0,722.0,1075.0,1010.0,1126.0,314.0,713.0,226.0,79.0,51.0,32.0,25.0,14.0,18.0,34.0
31,Cessna 180A/B,,,,,,,,,,,,,,,,,,,6.0,,,,4.0,9.0,,1.0,100.0,49.0,110.0,,,,
32,Cessna 180C/D/E/F,,,,,,,,,,,,,,,,,,,,,,,,,,,,,,,,,
33,Cessna 185A/B/C Skywagon,,,,,,,,,,,,,1396.0,2265.0,2092.0,2471.0,1681.0,779.0,199.0,151.0,103.0,688.0,401.0,905.0,491.0,254.0,387.0,906.0,1355.0,579.0,13.0,191.0,326.0
34,Helio H-250/295/395,,,,,,,,,,,,,73.0,427.0,219.0,148.0,160.0,214.0,173.0,174.0,145.0,158.0,199.0,176.0,196.0,56.0,34.0,75.0,60.0,38.0,41.0,43.0,90.0
35,Cessna C206/207/209/210 Stationair,,389.0,944.0,,42.0,85.0,1.0,39.0,0.0,20.0,20.0,,180067.0,197006.0,228934.0,249266.0,247104.0,258978.0,250586.0,247783.0,265961.0,265733.0,233333.0,220093.0,244748.0,212341.0,188237.0,137040.0,139892.0,138307.0,50012.0,73689.0,82363.0
36,Cessna 172 Skyhawk,,,,,,,,,,,,,8308.0,10667.0,11259.0,10533.0,1292.0,3985.0,425.0,316.0,240.0,199.0,205.0,92.0,54.0,1401.0,6328.0,842.0,3234.0,1815.0,1893.0,1968.0,2444.0
37,Cessna 195,,,,,,,,,,,,,,,,,,,,,,,,,,,,,,,,,
38,Cessna 177 Cardinal,,,,,,,,,,,,,,,,,,,,,,,,,,,,,,,,,
39,Cessna 182 Skylane,,,,,,,,,,,,,,17.0,,20.0,132.0,,,,55.0,51.0,10.0,143.0,,,,,,,,,8.0
40,De Havilland DHC2 Beaver,,,,,,,,,,,,,42073.0,74119.0,71535.0,60795.0,62277.0,84030.0,76336.0,84033.0,85226.0,81907.0,74662.0,74656.0,84008.0,66208.0,67275.0,57747.0,51153.0,33722.0,11092.0,21152.0,26863.0
41,Cessna 205,,,,,,,,,,,,,,,,15.0,,,,,,,,,,,,,,,,,
42,De Havilland DHC3 Otter,,,,,,,,,,,,,40597.0,60132.0,68604.0,51663.0,39700.0,51502.0,52978.0,42657.0,44520.0,39733.0,38748.0,41513.0,71614.0,45266.0,51799.0,61523.0,57815.0,56218.0,36631.0,86457.0,91301.0
44,Lake LA-4,,,,,,,,,,,,,,,,,,,,,,,,,,,,,,,,,
50,Howard DGA-15P,,,,,,,,,,,,,,,,,,,,,,,,,,,,,,,,,
51,Mooney M-21,,,,,,,,,,,,,,,,,,,,,,,,,,,,,,,,,
52,Mooney M-20C/E/G,,,,,,,,,,,,,,,,,,,,,,,,,,,,,,,,,
65,Noorduyn UC-64AS,,,,,,,,,,,,,,,,,,,,,,,,,,,,,,,,,
70,Pilatus Porter PC6,,,,,,,,,,,,,,,,,,,,,,,,,,,,,,,,,
71,Pilatus Porter PC6/350,,,,,,,,,,,,,,,,,,,,,,,,,,,,,,,,,
79,Piper PA-32 (Cherokee 6),,,,,232.0,922.0,1907.0,1726.0,793.0,1186.0,1186.0,1327.0,61972.0,72970.0,132398.0,116775.0,121778.0,98439.0,88364.0,70088.0,83277.0,81761.0,57414.0,28200.0,80672.0,88602.0,74141.0,74940.0,88017.0,99176.0,43999.0,60131.0,64457.0
80,Piper PA-18 (Super-Cub),,,,,,,,,,,,,4.0,,2.0,,1.0,2.0,,,,,,8.0,32.0,20.0,1.0,,,,,,
81,Piper PA-14 (Family-Cruiser),,,,,,,,,,,,,,,,,,,,,,,,,,,,,,,,,
82,Piper PA-22 (Tri-Pacer),,,,,,,,,,,,,,,,,,,,,,,,,,,,,,,,,
83,Piper PA-24 (Comanche),,,,,,,,,,,,,,,,,,,,,,,,,,,,,,,,,
84,Piper PA-28 (Cherokee),,,,,,,,,,,,,1987.0,6444.0,4562.0,3313.0,2964.0,1937.0,,,,,,,,,,,,,,,
85,Stinson SR-9,,,,,,,,,,,,,,,,,,,,,,,,,,,,,,,,,
86,Piper PA-12 (Supercruiser),,,,,,,,,,,,,,,,,,,,,,,,,,,,,,,,,
87,Stinson V-77,,,,,,,,,,,,,,,,,,,,,,,,,,,,,,,,,
88,Stinson SR-10E Bushman,,,,,,,,,,,,,,,,,,,,,,,,,,,,,,,,,
91,Float/Amphib Turbine,,,,,,,,,,,,,3343.0,1135.0,1868.0,1619.0,640.0,5048.0,8290.0,6952.0,4404.0,4982.0,1506.0,1964.0,1689.0,1586.0,1292.0,1485.0,1010.0,467.0,1266.0,4713.0,4125.0
92,Float/Amphib Piston-Lt 450 Hp,,,,,,,,,,,,,,,,,,,,,,,,,,,,,,,,,
93,Float/Amphib Piston-450+ Hp,,,,,,,,,,,,,,,,,,,,,,,,,,,,,,,,,
94,Land-Turbine,,,,,,,,,,,,,22.0,4.0,16.0,,,4.0,2.0,,,,,5.0,,,,,,,,212.0,323.0
95,Land-Piston-Lt 450 Hp,,,,,,,,,,,,,19.0,3.0,,,,,5.0,,,,,,,,,,,,,,
96,Land-Piston-450+ Hp,,,,,,,,,,,,,,,,,,,,,,,,,,,,,,,,,
97,Stinson F.W. 300-450 Hp,,,,,,,,,,,,,,,,,,,,,,,,,,,,,,,,,
98,Stinson 0-299 Hp,,,,,,,,,,,,,,,,,,,,,,,,,,,,,,,,,
102,P2012 Traveler,,,,,,,,,,,,,,,,,,,,,,,,,,,,,,,,,1878.0
103,Aero Commander (500/600 Series Excpt 680FL),,,,,,,,,,,,,,,,,,,,,,,,,,,,,,,,,
104,Grand Commander 680FL,,,,,,,,,,,,,,,,,,,,,,,,,,,,,,,,,
105,Beech C-50 (Twin Bonanza),,,,,,,,,,,,,,,,,,,,,,,,,,,,,,,,,
110,"Beechcraft Beech 18 C-185 (Federal Express has waiver to report all its small aircraft under code 110, regardless of actual aircraft type)",,0.0,,,,,,,,,,,0.0,0.0,0.0,0.0,0.0,0.0,0.0,0.0,0.0,0.0,0.0,0.0,0.0,0.0,0.0,0.0,0.0,0.0,0.0,0.0,0.0
111,Beech King Air 90,,,,,,,,,,,,,593.0,3989.0,5761.0,6348.0,1601.0,1450.0,1379.0,,,,,,,,,,,,,,
113,Beech B-95 (Travelair),,,,,,,,,,,,,,,,,,,,,,,,,,,,,,,,,
115,Beech AT-11,,,,,,,,,,,,,,,,,,,,,,,,,,,,,,,,,
117,Beech Baron (55 Series),,,,,,,,,,,,,1262.0,667.0,590.0,748.0,379.0,173.0,1245.0,2217.0,8194.0,320.0,555.0,521.0,425.0,192.0,129.0,63.0,19.0,63.0,44.0,2.0,
120,Cessna T-50 (Bobcat),,,,,,,,,,,,,,,,,,,,,,,,,,,,,,,,,
121,Cessna C-421,,,,,,,,,,,,,,,,,,,,,,,,,,,127.0,125.0,,,,,
122,Cessna C-310 Series,,,,,,,,,,,,,87.0,335.0,327.0,38.0,,,,,,,,,,,,,,,,,
123,Cessna C-340/335,,,,,,,,,,,,,,,,,,,,,,,,,,,,,,,,,
125,Cessna C-402/402A/402B,,461.0,,,,,0.0,0.0,0.0,0.0,0.0,0.0,112520.0,513294.0,522155.0,560971.0,550507.0,544193.0,561552.0,489895.0,527147.0,673211.0,705062.0,630090.0,604978.0,551046.0,501353.0,462088.0,470503.0,462688.0,247860.0,411820.0,361107.0
128,Cessna 404,,,,,,,,,,,,,,,,,,,,,,,,,,,,,,,,,
130,C-28 5ACF PBY,,,,,,,,,,,,,,,,,,,,,,,,,,,,,,,,,
131,Pilatus Britten-Norman BN2/A Islander,,,,,,,,,,,,,24760.0,51206.0,55722.0,55321.0,51393.0,58299.0,60720.0,60062.0,86958.0,94987.0,70776.0,45507.0,141754.0,176509.0,184916.0,154137.0,113049.0,129337.0,83488.0,126219.0,102412.0
132,C-28 5ACF-PBY-EMQ,,,,,,,,,,,,,,,,,,,,,,,,,,,,,,,,,
133,Beech 65/65A-80/65B-80 (Queen Air),,,,,,,,,,,,,951.0,0.0,0.0,0.0,0.0,0.0,0.0,0.0,5.0,0.0,0.0,0.0,0.0,0.0,0.0,0.0,0.0,0.0,,0.0,0.0
140,Convair CV-240,,,,,,,,,,,,,,,,,,,,,,,,,,,,,,,,,
143,Convair CV-340/440,0.0,,,,,,,,0.0,,,,,,,,,,,,,,,,,,,0.0,0.0,0.0,0.0,,
148,Cessna C-337 (Super Sky Master),,,,,,,,,,0.0,0.0,,,,,,,,,,,,,,,,,,,,,,
149,Cessna C-401,,,,,,,,,,,,,,,,,,,,,,,,,,,,,,,,,
150,Curtiss C46/20t/A/D/F/R Commando,,,,,,,,,,5.0,5.0,0.0,0.0,0.0,0.0,0.0,0.0,0.0,0.0,0.0,0.0,0.0,0.0,0.0,0.0,0.0,0.0,0.0,0.0,0.0,0.0,0.0,0.0
152,Cessna C-411,,,,,,,,,,,,,,,,,,,,,,,,,,,,,,,,,
153,De Havilland DHC4 Caribou,,,,,,,,,,,,,,,,,,,,,,,,,,,,,,,,,
158,McDonnell Douglas DC-2,,,,,,,,,,,,,,,,,,,,,,,,,,,,,,,,,
159,Hamilton B-18s Little Liner (Converted),,,,,,,,,,,,,,,,,,,,,,,,,,,,,,,,,
160,"McDonnell Douglas DC-3/A/C,C-47/B",,,,,,,,,,,,,1089.0,,,,,,,,,,,,,,,,,,,,
161,Dornier Do-28 Skyservant,,,,,,,,,,,,,,,,,,,,,,,,,,,,,,,,,
166,Cessna C-336,,,,,,,,,,,,,,,,,,,,,,,,,,,,,,,,,
167,Fairchild C-82A,,,,,,,,,,,,,,,,,,,,,,,,,,,,,,,,,
170,Grumman G-21A (Goose),,,,,,,,,,,,,3965.0,4661.0,4760.0,4708.0,4169.0,4263.0,2947.0,2608.0,2656.0,2963.0,1830.0,,,,,,,,,,
171,Grumman SA-16A-GR (Albatross),,,,,,,,,,,,,,,,,,,,,,,,,,,,,,,,,
172,Grumman G-44/44A (Widgeon),,,,,,,,,,,,,,,,,,,,,,,,,,,,,,,,,
173,Grumman G-73 (Mallard),,,,,,,,,,,,,,17.0,,228.0,,,,,,,,,,,,,,,,,
174,De Havilland Dove DH-104,,,,,,,,,,,,,,,,,,,,,,,,,,,,,,,,,
175,Lockheed L-12A/L-10/10A,,,,,,,,,,,,,,,,,,,,,,,,,,,,,,,,,
180,Martin 202/202A,,,,,,,,,,,,,,,,,,,,,,,,,,,,,,,,,
185,Martin 404,,,,,,,,,,,,,,,,,,,,,,,,,,,,,,,,,
190,Piper PA-23-250 (Aztec/Apache),,,,,,,,,,,,,6.0,5231.0,5012.0,2910.0,,1.0,,,,,1601.0,994.0,,,,,,,,,
193,Piper T-1020,,,,,,,,,,,,,,,,,,,,,,,,,,,,,,,,,
194,Piper PA-31 (Navajo)/T-1020,,,,,,,,,,252.0,252.0,445.0,154249.0,175198.0,161477.0,171129.0,193368.0,178887.0,157264.0,136874.0,139485.0,135840.0,139130.0,127869.0,152583.0,150334.0,149347.0,136465.0,114003.0,102549.0,31244.0,46296.0,47557.0
195,Piper PA-34/39 (Twin Commanche),,,,,,,,,,,,,544.0,3658.0,1916.0,419.0,800.0,1206.0,264.0,401.0,332.0,,72.0,,,,31.0,5.0,7.0,25.0,15.0,12.0,
200,Boeing 377 Stratocruiser,,,,,,,,,,,,,,,,,,,,,,,,,,,,,,,,,
201,Pilatus Britten-Norman BN2A Trislander,,,,,,,,,,,,,4.0,,,,,,,,,,,,,,,,,,,0.0,0.0
205,De Havilland DH-114 Heron,,,,,,,,,,,,,,,,,,,,,,,,,,,,,,,,,
210,McDonnell Douglas DC-4(C54/C54A/C54B/C54E),,,,,,,,,,,,,,,,,,,,,,,,,,,,,,,,,
216,McDonnell Douglas DC-6,0.0,0.0,,,,,,0.0,,,,,0.0,0.0,0.0,0.0,0.0,0.0,0.0,,,,,,,,,,,,,,
218,McDonnell Douglas DC-6A,0.0,,0.0,0.0,,,,0.0,0.0,115.0,115.0,2.0,5.0,4.0,0.0,0.0,0.0,0.0,0.0,0.0,0.0,0.0,0.0,0.0,0.0,0.0,0.0,0.0,0.0,0.0,3.0,0.0,0.0
220,McDonnell Douglas DC-6B,,,,,,,,0.0,0.0,,,,,,,,,,,,,,,,,,,,,,,,
225,McDonnell Douglas DC-7A/B,,,,,,,,,,,,,,,,,,,,,,,,,,,,,,,,,
228,McDonnell Douglas DC-7C,,0.0,,,,,,,,,,,,,,,,,,,,,,,,,,,,,,,
240,Lockheed L-049,,,,,,,,,,,,,,,,,,,,,,,,,,,,,,,,,
242,Lockheed L-649,,,,,,,,,,,,,,,14.0,,,,,,,,,,,,,,,,,,
244,Lockheed L-749/749A,,,,,,,,,,,,,,,,,,,,,,,,,,,,,,,,,
247,Lockheed L-1049,,,,,,,,,,,,,,,,,,,,,,,,,,,,,,,,,
248,Lockheed L-1049C/D/E,,,,,,,,,,,,,,,,,,,,,,,,,,,,,,,,,
252,Lockheed L-1049G/H,,,,,,,,,,,,,,,,,,,,,,,,,,,,,,,,,
258,Lockheed L-1649A,,,,,,,,,,,,,,,,,,,,,,,,,,,,,,,,,
280,Sikorsky VS-44A (Amphibian),,,,,,,,,,,,,,,,,,,,,,,,,,,,,,,,,
303,Sud Alouette,,,,,,,,,,,,,,,,,,,,,,,,,,,,,,,,,
311,Bell B-47D,,,,,,,,,,,,,,,,,,,,,,,,,,,,,,,,,
312,Bell B-47G,,,,,,,,,,,,,,,,,,,,,,,,,,,,,,,,,
313,Bell B-47G2,,,,,,,,,,,,,,,,,,,,,,,,,,,,,,,,,
314,Bell B-47J2,,,,,,,,,,,,,,,,,,,,,,,,,,,,,,,,,
315,Bell B-206A,,,,,,,,,,,,,116.0,1110.0,1063.0,1157.0,943.0,1275.0,926.0,0.0,0.0,,,,,,,,,,,,
317,Hu-1h 204B,,,,,,,,,,,,,,,,,,,,,,,,,,,1.0,7.0,0.0,2.0,2.0,8.0,4.0
320,Boeing Vertol BV-107,,,,,,,,,,,,,,,,,,,,,,,,,,,,,,,,,
321,Boeing Vertol BV-44,,,,,,,,,,,,,,,,,,,,,,,,,,,,,,,,,
322,Brantley B-2,,,,,,,,,,,,,,,,,,,,,,,,,,,,,,,,,
323,Fairchild-Hiller FH-1100,,,,,,,,,,,,,,,,,,,,,,,,,,,,,,,,,
325,Agusta A-119 Koala,,,,,,,,,,,,,,,,,,,,,,,,,,,,,,95.0,9.0,49.0,50.0
330,Boelkow Bo-105c,,,,,,,,,,,,,,,,,,,,,,,,,,,,,,,,,
339,Airbus Industrie A330-900,,,,,,,,,,,,,,,,,,,,,,,,,,,,,,3653.0,2007.0,147916.0,157136.0
340,Eurocompter AS350 B2 AStar,,,,,,,,,,,,,,,,,,,,,,1405.0,1450.0,1445.0,1776.0,1404.0,489.0,188.0,377.0,78.0,50.0,211.0,386.0
343,Airbus Industrie A330-223/234,,,,,,,,,,,,,,,,,,,,,,,,,,,,,,,,,
345,Bell 212 Twin Two Twelve,,,,,,,,,,,,,,,,,,,,,,,,,,138.0,706.0,219.0,,,24.0,,
350,Hughes 300,,,,,,,,,,,,,,,,,,,,,,,,,,,,,,,,,
355,Hughes-500/530,,,,,,,,,,,,,,,,,,,,,,,,142.0,185.0,74.0,213.0,179.0,146.0,67.0,64.0,240.0,373.0
359,Airbus Industrie A350-900,,,,,,,,,,,,,,,,,,,,,,,,,,,,6.0,1847.0,7897.0,10055.0,183246.0,353225.0
360,Robinson R44,,,,,,,,,,,,,50.0,109.0,121.0,103.0,174.0,193.0,223.0,174.0,200.0,331.0,588.0,493.0,333.0,434.0,1599.0,214.0,262.0,285.0,124.0,291.0,280.0
362,Bht 206 Lt Long Ranger,,,,,,,,,,,,,,,,,,,,,,,,,,,,,231.0,141.0,43.0,126.0,79.0
364,Bht 206 L4 Long Ranger,,,,,,,,,,,,,,,,,,,,,,,,,,,,,2925.0,3289.0,1341.0,1775.0,2147.0
366,Bell Bht 407,,,,,,,,,,,,,,,,,,,,,,,,,,,,,400.0,497.0,311.0,441.0,499.0
368,Bell Bht 412,,,,,,,,,,,,,,,,,,,,,,,,,,,,,376.0,112.0,529.0,480.0,705.0
370,Air Bus Euro Bo-105,,,,,,,,,,,,,,,,,,,,,,,,,,,,,58.0,54.0,96.0,52.0,12.0
380,Sikorsky S-51,,,,,,,,,,,,,,,,,,,,,,,,,,,,,,,,,
381,Sikorsky S-55,,,,,,,,,,,,,,,,,,,,,,,,,,,,,,,,,
385,Sikorsky S-58A/B/C,,,,,,,,,,,,,,,,,,,,,,,,,,,,,,,,,
386,Sikorsky S-61N,,,,,,,,,,,,,,,,,,,,,,,,,,,,,,,,,
387,Sikorsky S-61,,,,,,,,,,,,,,,,,,,,,,,,,,,,,,,,,
388,Sikorsky S-61L,,,,,,,,,,,,,,,,,,,,,,,,,,,,,,,,,
389,Sikorsky S-62/A,,,,,,,,,,,,,,,,,,,,,,,,,,,,,,,,,
390,Sikorsky S-76,,,,,,,,,,,,,,,,,2030.0,10996.0,11092.0,4707.0,,,,,,,,104.0,158.0,,14.0,,32.0
393,Agustawestland AW139,,,,,,,,,,,,,,,,,,,,,,,,,,,,6.0,452.0,337.0,95.0,284.0,146.0
395,DHC-6-400 Twin Otter,,,,,,,,,,,,,,,,,,,,,,,,,,,,,,,673.0,1458.0,1137.0
396,Westland SR-N5 (Acv),,,,,,,,,,,,,,,,,,,,,,,,,,,,,,,,,
401,Beech 1300,,,,,,,,,,,,,103.0,,,,,,,,,,,,,,,,,,,,
402,Beech Model 18 Turbo-Prop Conversions,,,,,,,,,,,,,,,,,,,,,,,,,,,,,,,,,
403,Beech 99 Airliner,,,,,,,,,,,,,0.0,0.0,0.0,42.0,727.0,0.0,0.0,0.0,0.0,0.0,0.0,0.0,0.0,0.0,0.0,0.0,0.0,0.0,0.0,0.0,0.0
404,Beech C99,,520.0,,,,,,,,,,,11151.0,17391.0,11632.0,3050.0,13140.0,2952.0,0.0,0.0,0.0,0.0,0.0,0.0,0.0,0.0,0.0,0.0,0.0,0.0,0.0,0.0,0.0
405,Beech 1900 A/B/C/D,7898.0,,287763.0,413490.0,1983261.0,3606979.0,2312604.0,685156.0,684566.0,597446.0,597446.0,208817.0,677344.0,2434831.0,2575375.0,2430651.0,2363838.0,2298481.0,1280794.0,921851.0,939014.0,959097.0,964298.0,900837.0,393712.0,251650.0,146846.0,99133.0,59709.0,49556.0,27901.0,28433.0,30908.0
406,Beech 200 Super Kingair,,,,,,,,,,,,,17849.0,18083.0,13723.0,11168.0,13013.0,13681.0,10213.0,11731.0,14653.0,23325.0,20968.0,21859.0,18726.0,15943.0,14349.0,15209.0,15003.0,17617.0,9992.0,11577.0,17539.0
407,British Aerospace (Hawker-Siddeley) BAe-748,,,,,,,,,,,,,,,1637.0,,,,,,,,,,,,,,,,,,
408,British Aerospace BAe-ATP,227153.0,630420.0,810011.0,641336.0,655964.0,638924.0,685865.0,712632.0,614920.0,20244.0,20244.0,,,,1811.0,,,,,,,,,,,,,,,,,,
409,Beechcraft King Air B100,,,,,,,,,,,,,,,,,,,,,,,,,,,128.0,,,,,,
410,Rockwell Turbo-Commander 680-W/690,,,,,,,,,,,,,,,,,,,,,,,,,,,,,,,,,
411,Beech King Air 65-A90 Queen Air,,,,,,,,,,,,,,6058.0,8151.0,378.0,10.0,,,,,,,,,,,,,,,,
412,Casa/Nurtanio C212 Aviocar,147293.0,156609.0,120040.0,270.0,,,,,,,,,3626.0,287.0,13.0,79.0,26.0,108.0,27.0,61.0,7.0,15.0,8.0,25.0,18.0,25.0,49.0,4.0,0.0,1.0,0.0,0.0,2.0
413,Casa 235,,,,,,,,,,,,,,,,,,,,,,0.0,0.0,,0.0,0.0,0.0,0.0,,0.0,0.0,0.0,
415,Cessna C208B/Grand Caravan,,,,,,,,,,,,,,,,,1127.0,34718.0,32961.0,90671.0,116541.0,49145.0,51994.0,106084.0,172891.0,217620.0,229318.0,245570.0,262300.0,263707.0,139984.0,188635.0,674917.0
416,Cessna 208 Caravan,,,,0.0,,,251.0,263.0,412.0,2288.0,2288.0,3516.0,197094.0,285683.0,333786.0,340335.0,372517.0,474503.0,463115.0,426370.0,454271.0,489667.0,561614.0,575115.0,866943.0,835145.0,720130.0,748677.0,772110.0,642181.0,288895.0,600626.0,374196.0
417,Cessna 406 Caravan II,,,,,,,,,,,,,35174.0,30946.0,31449.0,22468.0,31320.0,34850.0,28926.0,24237.0,23950.0,15692.0,16683.0,19543.0,16915.0,15580.0,7048.0,,,,,,
418,Cessna C-441,,,,,,,,,,,,,,,,,,,,,,,,,,,,,,,,,
420,Convair CV-540,,,,,,,,,,,,,,,,,,,,,,,,,,,,,,,,,
422,Quest Kodiak 100,,,,,,,,,,,,,,,,,,,,,,9.0,4546.0,5951.0,,,,,,,,,
425,Piaggio P180 Avanti,,,,,,,,,,,,,,,,,,,,,,,,,,,,,,,,,
430,Convair CV-580,145712.0,,227.0,,,,,95.0,,0.0,0.0,0.0,88927.0,52418.0,58166.0,0.0,0.0,0.0,0.0,0.0,0.0,0.0,0.0,0.0,0.0,0.0,0.0,0.0,,,,0.0,0.0
431,Socata TBM850,,,,,,,,,,,,,,,,,,,,,,122.0,128.0,184.0,103.0,89.0,,,,,,74.0,63.0
432,Saab 2000,,,,,,,,,,,,,,,,,,,,,,,,,,,71894.0,127853.0,126689.0,156271.0,20757.0,,
433,Socata TBM-700,,,,,,,,,,,,,,,,,,,,,,,,,,,,,,,,,
434,Raytheon King Air A100,,,,,,,,,,,,,,,,,,,,,,,,,,,,,,,,,
435,Convair CV-600,,,,,,,,,,,,,,,,,,,,,,,,,,,,,,,,,
437,Raytheon Beechcraft Baron B-58,,,,,,,,,,,,,,,,,,,,,,,,,,,,,,,,,
440,Convair CV-640,,,,,,,,,,,,,,,,,,,,,,,,,,,,,,,,,
441,Aerospatiale/Aeritalia ATR-42,196844.0,873115.0,2103245.0,2107814.0,4242402.0,4392393.0,4605652.0,4546850.0,4357328.0,3424911.0,3424911.0,2651785.0,1533439.0,325093.0,109633.0,125695.0,137534.0,117998.0,110830.0,103718.0,112455.0,96810.0,113956.0,122198.0,208964.0,279601.0,348110.0,336692.0,250898.0,262604.0,190586.0,215482.0,240472.0
442,Aerospatiale/Aeritalia ATR-72,2967.0,133625.0,746837.0,1444582.0,3274263.0,4135833.0,4253366.0,4331622.0,3748370.0,3820251.0,3820251.0,3093199.0,2534507.0,2613402.0,2661488.0,2090791.0,1912343.0,1822445.0,1667766.0,1530007.0,1579612.0,1655143.0,476647.0,283671.0,448404.0,358331.0,482368.0,334178.0,0.0,3613.0,43089.0,110715.0,153626.0
443,Air Tractor AT-802,,,,,,,,,,,,,,,,,,,,,,,,,,,,,,,,,
444,Antonov 24/26/32,,,,,,,,,,,,,,,,,,,,,,,,,,,,,,,,,
445,Convair CV-660,,,,,,,,,,,,,,,,,,,,,,,,,,,,,,,,,
448,Dornier 228,,,,,,,,,,,,,,,,,,,,,56710.0,73361.0,62150.0,79010.0,52611.0,28560.0,,,,,,,
449,Dornier 328,,,,,460178.0,604103.0,270316.0,352541.0,642199.0,1132717.0,1132717.0,1670836.0,1758493.0,1214860.0,426723.0,,,,50914.0,55245.0,74571.0,77744.0,35303.0,,,,,,,624.0,5739.0,9168.0,23187.0
450,Fokker Friendship F-27/Fairchild F-27/A/B/F/J,1054557.0,718336.0,318837.0,181996.0,,,,,,,,,24186.0,17936.0,0.0,0.0,0.0,0.0,0.0,0.0,,,,,,,,,,,,,
451,Pipistrel D O O Virus Sw 121c,,,,,,,,,,,,,,,,,,,,,,,,,,,,,,,,,
452,Fokker 50,,,,,,,,,,,,,,,,,,,,,,,,,,,,,,,,,
454,Fairchild-Hiller FH-227,586.0,,,,,,,,,,,,,,,,,,,,,,,,,,,,,,,,
455,Fairchild Metro 23,,,,,,,,,,,,,,,,,,1993.0,5673.0,5737.0,1264.0,,,,,,,,,3213.0,3068.0,6770.0,13376.0
456,Saab-Fairchild 340/B,,,816014.0,2348481.0,2348446.0,1780272.0,2772737.0,7354438.0,8643644.0,7984924.0,7984924.0,7481255.0,6917738.0,6510480.0,6477871.0,5571374.0,5016220.0,4963631.0,4267534.0,2938098.0,2466434.0,1875173.0,939677.0,890828.0,916174.0,926192.0,824064.0,751311.0,618662.0,410056.0,58170.0,51148.0,42481.0
457,Beech King Air C-90,,,,,,,,,,,,,,11.0,81.0,21.0,46.0,114.0,193.0,9.0,,,,,,,,,,,,,
458,Beechcraft Super King Air,,,,,,,,,,,,,,,,,,,,,,,,,,2889.0,22939.0,28766.0,30134.0,46478.0,16623.0,47571.0,32485.0
459,Saab-Fairchild 340/A,,,,,,,,,,,,,,,,3707.0,75742.0,124963.0,63474.0,41170.0,1223.0,0.0,0.0,0.0,0.0,0.0,0.0,0.0,0.0,0.0,0.0,0.0,0.0
460,Grumman G-21G (Turbo-Goose),,,,,,,,,,,,,,,,,,,,,,,,,,,,,,,,,
461,Embraer EMB-120 Brasilia,758455.0,1173916.0,937893.0,1595435.0,3850520.0,4201918.0,3642775.0,3260517.0,2753249.0,2960594.0,2960594.0,2479728.0,2295302.0,4076516.0,3922238.0,3797017.0,3626084.0,3454658.0,2776810.0,2488611.0,2456373.0,2544680.0,2439109.0,2276787.0,1846526.0,309153.0,47223.0,30288.0,12732.0,21.0,16.0,0.0,
462,Swearingen Metro Merlin,,,,,,,,,,,,,,,,,,,,,,,,,,,,,,,,,
463,Mitsubishi MU-2/B,,,,,,,,,,,,,,,,,,,,,,,,,,,,,,,,,
464,Embraer EMB-110 Bandeirante,258259.0,558.0,,113133.0,149062.0,,,,,,,,,,,,,,,,,,,,,,,,,,,,
465,Nihon YS-11,8779.0,8018.0,11963.0,10160.0,,,,,,34810.0,34810.0,,,,,,,,,,,,,,,,,,,,,,
466,Swearingen Metro II,,,,20005.0,,,,,,,,,,0.0,,,,,,,,,,,,,,,,,,,
467,Swearingen Metro III,1035461.0,1084987.0,971101.0,946928.0,646993.0,451025.0,272468.0,6869.0,0.0,,,,127195.0,280580.0,242571.0,117246.0,40025.0,38448.0,7756.0,3078.0,1164.0,430.0,,,,,,,,,,,
468,Handley Page Jetstream,,,,,,,,,,,,,,,,,,,,,,,,,,,,,,,,,
469,British Aerospace Jetstream 31,527532.0,1683712.0,1486479.0,1290932.0,890696.0,852336.0,1069099.0,1108354.0,1053279.0,223334.0,223334.0,,44379.0,180101.0,159867.0,165963.0,157085.0,39532.0,2653.0,281.0,2.0,0.0,,,8085.0,16272.0,23290.0,30548.0,30430.0,6623.0,,,
470,Gulfstream I,,,,,,,,,,,,,,,,,,,,,,,,,,,,,,,,,
471,British Aerospace Jetstream 41,,,,,136699.0,636270.0,882690.0,934453.0,833122.0,875624.0,875624.0,659076.0,1075671.0,1711446.0,893571.0,497939.0,103869.0,,,,,,,,6228.0,8281.0,11546.0,10088.0,890.0,,,,
473,Gulfstream I-Commander,,,,,,,,,,,,,,,,,,,,,,,,,,,,,,,,,
474,Hawker Siddeley 748,,,,,,,,,,,,,,437.0,,,,,,,,,,,,,,,,,,,
475,Nord 262,,,,,,,,,,,,,,,,,,,,,,,,,,,,,,,,,
476,Piper PA-30/31T Cheyenne II XL,,,,,,,,,,,,,,1692.0,2371.0,2558.0,337.0,244.0,1789.0,349.0,279.0,397.0,,,,,,,,,,,
477,Mohawk 298,,,,,,,,,,,,,,,,,,,,,,,,,,,,,,,,,
478,Piper T-1040,,,,,,,,,,,,,13638.0,18256.0,11380.0,6393.0,1002.0,1035.0,696.0,587.0,,,,,,,,,,,,,
479,Pilatus PC-12,,,,,,,,,,,,,8268.0,8407.0,10514.0,11208.0,12308.0,14434.0,22558.0,46268.0,54615.0,76386.0,53952.0,42641.0,32704.0,65037.0,153245.0,207669.0,218661.0,241951.0,128736.0,135628.0,118891.0
480,Pilatus Turbo Porter PC-6A,,,,,,,,,,,,,,,,,,,,,,,,,,,,,,,,,
481,Pilatus Turbo Porter PC-6B,,,,,,,,,,,,,,,,,,,,,,,,,,,,,,,,,
482,De Havilland DHC8-400 Dash-8,,,,,,,,,,,,548927.0,1380052.0,1504000.0,1909261.0,2268751.0,2546839.0,3473132.0,6022804.0,7043099.0,6685801.0,8512627.0,7998605.0,8539347.0,9250493.0,8966140.0,7260804.0,6109873.0,5077826.0,4304222.0,1895843.0,3027460.0,2514855.0
483,De Havilland DHC8-100 Dash-8,1185475.0,1360488.0,1492919.0,1439240.0,1511196.0,1495496.0,2271647.0,2751372.0,2312787.0,2400695.0,2400695.0,2076355.0,1525930.0,4704979.0,4888512.0,6014919.0,4295175.0,4261190.0,3877581.0,3655718.0,2941090.0,2939277.0,2684728.0,2397589.0,2155084.0,2031300.0,1714375.0,938346.0,410543.0,400463.0,58041.0,207390.0,226202.0
484,De Havilland DHC8-300 Dash 8,,157416.0,591702.0,120763.0,209591.0,332646.0,291725.0,,,,,,243561.0,929754.0,1088239.0,1040554.0,876129.0,916416.0,849523.0,976433.0,1032264.0,1226281.0,1550928.0,1480434.0,1585650.0,1608241.0,1339713.0,1143393.0,279894.0,,,3722.0,17213.0
485,De Havilland Twin Otter DHC-6,,,,,,,,,,,,,207795.0,356636.0,584651.0,598832.0,493319.0,322711.0,219986.0,377511.0,426516.0,450521.0,409104.0,358760.0,292127.0,251702.0,233436.0,243280.0,203092.0,155154.0,30660.0,53433.0,72445.0
486,Shorts Harland SC-7 Skyvan,,,,,,,,,,,,,63.0,27.0,28.0,5.0,0.0,3.0,0.0,0.0,0.0,0.0,0.0,0.0,,,,,,,,,
487,Shorts 330,,,,,,,,,,,,,,0.0,9.0,0.0,1.0,0.0,0.0,0.0,0.0,0.0,0.0,0.0,0.0,0.0,0.0,0.0,0.0,,,,
488,Carstedt CJ-600A,,,,,,,,,,,,,,,,,,,,,,,,,,,,,,,,,
489,Shorts 360,240782.0,298316.0,705864.0,611473.0,810360.0,660034.0,265165.0,,,,,,17436.0,85502.0,100346.0,46041.0,41724.0,47788.0,38604.0,36585.0,34439.0,33125.0,11619.0,3390.0,18.0,0.0,0.0,0.0,0.0,0.0,1.0,0.0,0.0
490,Volpar Turbo 18,,,,,,,,,,,,,0.0,0.0,0.0,,,,,,,,,,,,,,,,,,
491,De Havilland DHC8-200Q Dash-8,,,,,,,,,,,,,1732467.0,1749443.0,1319966.0,53585.0,2017966.0,1849727.0,1412884.0,820469.0,853239.0,806161.0,922168.0,979682.0,754650.0,725607.0,805548.0,731614.0,3357.0,,,,
495,Hawker Beechcraft Hawker 4000,,,,,,,,,,,,,,,,,,,,,,,,,,,,,,400.0,209.0,67.0,
507,Antonov 12,,,,,,,,,,,,,,,,,,,,,,,,,,,,,,,,,
508,Antonov An-22 Freighter,,,,,,,,,,,,,,,,,,,,,,,,,,,,,,,,,
510,AW-650,,,,,,,,,,,,,,,,,,,,,,,,,,,,,,,,,
515,Bomardier Challenger 350,,,,,,,,,,,,,,,,,,,,,,,,,,,,2984.0,3350.0,2137.0,,319.0,373.0
520,Canadair CL-44D,,,,,,,,,,,,,,,,,,,,,,,,,,,,,,,,,
530,Bombardier CRJ550,,,,,,,,,,,,,,,,,,,,,,,,,,,,,,184317.0,943541.0,2334266.0,1885700.0
541,Ilyushin Il-18,,,,,,,,,,,,,,,,,,,,,,,,,,,,,,,,,
550,Lockheed L-188A/C Electra,14311.0,14103.0,27181.0,27500.0,42210.0,49249.0,45578.0,49846.0,42062.0,34018.0,34018.0,0.0,0.0,0.0,0.0,0.0,,,,,,,,,,,,,,,,,
552,Lockheed L-382B,,,,,,,,,,,,,,,,,,,,,,,,,,,,,,,,,
553,Lockheed L100-10 Hercules,,,,,,,,,,,,,,,,,,,,,,,,,,,,,,,,,
555,Lockheed L100-20 Hercules,,,,,,,,,,,,,,,,,,,,,,,,,,,,,,,,,
556,Lockheed L100-30/L-382E,0.0,0.0,0.0,0.0,0.0,0.0,0.0,0.0,,0.0,0.0,0.0,0.0,0.0,0.0,0.0,0.0,0.0,0.0,0.0,0.0,0.0,0.0,0.0,0.0,0.0,0.0,0.0,0.0,0.0,0.0,0.0,0.0
560,Shorts Belfast Freighter-Sh5,,,,,,,,,,,,,,,,,,,,,,,,,,,,,,,,,
570,De Havilland DHC7 Dash-7,608533.0,398784.0,379111.0,382425.0,,,,,,,,,,,,,,,,,,,,,,,,,,,,,
575,Bombardier Learjet 75,,,,,,,,,,,,,,,,,,,,,,,,,,,,3.0,306.0,372.0,714.0,880.0,647.0
580,Vickers Viscount 700/744/745/745D,,,,,,,,,,,,,,,,,,,,,,,,,,,,,,,,,
584,Vickers Viscount V800/810/812,,,,,,,,,,,,,,,,,,,,,,,,,,,,,,,,,
601,Fokker F28-1000 Fellowship,,1532994.0,997781.0,226709.0,,0.0,,,,,,,,,,,,,,,,,,,,,,,,,,,
602,Fokker F28-4000/6000 Fellowship,4983697.0,2617158.0,2390750.0,2283836.0,2825854.0,2676096.0,1860521.0,1853643.0,2179973.0,2058573.0,2058573.0,1362746.0,292922.0,22481.0,15740.0,13669.0,,,,,,,,,,,,,,,,,
603,Fokker 100,1811327.0,3010662.0,6351229.0,9474082.0,14023674.0,14463960.0,14747825.0,14657233.0,13727264.0,13155469.0,13155469.0,11047314.0,6324737.0,4664002.0,1196701.0,,,,,,,,,,,,173758.0,,,,,,
604,Fokker 70,,,,,82148.0,182957.0,91821.0,,,,,,,,,,,,,,,,,,,,,,,,,,
605,British Aerospace BAC-111-200,,,,,,,,,,,,,,,,,,,,,,,,,0.0,,,,,,,,
606,Raytheon Beechraft 390 Premier I,,,,,,,,,,,,,,,,,,,,,,,,,,,,,,,,,
607,Antonov An-72/74,,,,,,,,,,,,,,,,,,,,,,,,,,,,,,,,,
608,Boeing 717-200,,,,,,,,,,2685944.0,2685944.0,7502947.0,10552995.0,14661817.0,17518927.0,19811181.0,21594691.0,22722070.0,22842085.0,22008969.0,21407224.0,21666842.0,21059113.0,19305674.0,18174886.0,17488583.0,20291696.0,20188551.0,20147021.0,20124841.0,7071196.0,10221554.0,15797067.0
609,Bombardier BD-100-1A10 Challenger 300,,,,,,,,,,,,,,,,,,,,,,,,,,,362.0,838.0,797.0,1220.0,1047.0,2142.0,2522.0
610,British Aerospace BAC-111-400,,0.0,25.0,,,,,,,,,,,,,,,,,,,,,,,,,,,,,,
611,Aero Commander 1121,,,,,,,,,,,,,,,,,,,,,,,,,,,,,,,,,
612,Boeing 737-700/700LR/Max 7,,,,,,,,,,137225.0,137225.0,19463228.0,27896798.0,31193810.0,39418961.0,51390010.0,63088458.0,74857720.0,82446862.0,84144377.0,87008906.0,93240383.0,93017843.0,94179543.0,97411781.0,105102465.0,109746010.0,117821735.0,123591946.0,122193381.0,47338884.0,75085661.0,93612436.0
613,Aerospatiale Corvette,,,,,,,,,,,,,,,,,,,,,,,,,,,,,,,,,
614,Boeing 737-800,,,,,,,,94995.0,2383362.0,10614806.0,10614806.0,17968941.0,27341435.0,29627426.0,31970032.0,32892338.0,32461635.0,35483699.0,36411404.0,38017711.0,45114609.0,51697542.0,57520344.0,66989820.0,77427167.0,92190696.0,101205528.0,115419910.0,128159848.0,132846901.0,59564772.0,111052789.0,145398174.0
615,Boeing 737-5/600LR,,,,,,,,,,,,,,0.0,,,,,,,,,,,,,,,,,,,
616,Boeing 737-500,1416259.0,4927516.0,10444046.0,13720947.0,18249605.0,20116703.0,19351706.0,21527869.0,22200263.0,21676700.0,21676700.0,19620274.0,18134485.0,17834185.0,17105363.0,16082497.0,17385312.0,17612244.0,14306531.0,9257436.0,8174109.0,7207846.0,6138929.0,3743214.0,3190735.0,2652307.0,1352174.0,2351.0,2914.0,1926.0,1927.0,857.0,1351.0
617,Boeing 737-400,5996722.0,8506964.0,9645313.0,11529530.0,13794167.0,13542970.0,14816167.0,15871490.0,15291592.0,15395886.0,15395886.0,13528349.0,14766327.0,13553267.0,14051093.0,12998127.0,12830006.0,12511653.0,12238445.0,11079981.0,11316039.0,11637535.0,11104271.0,8459023.0,5177096.0,3860648.0,2874136.0,1400415.0,210610.0,42177.0,124798.0,293165.0,191011.0
618,Boeing 737-300LR,,,290372.0,504282.0,462419.0,,,,,,,,,,,,,,,,,,,,,,,,,,,,
619,Boeing 737-300,56432274.0,58666232.0,58827415.0,65563568.0,82593405.0,91133897.0,96300739.0,101348333.0,114407141.0,122351524.0,122351524.0,99583950.0,86050321.0,81752236.0,83490696.0,78043820.0,70687919.0,68351307.0,57146562.0,43334401.0,40216710.0,38523910.0,32631257.0,25378116.0,25863009.0,24878778.0,20364725.0,11001071.0,11184.0,16665.0,91465.0,163600.0,145093.0
620,Boeing 737-100/200,50398565.0,48136649.0,46099426.0,44774686.0,51036182.0,50404601.0,49255626.0,44115543.0,40458719.0,35998955.0,35998955.0,28275667.0,15991114.0,15139125.0,14616994.0,8631885.0,4890866.0,3266715.0,929275.0,170125.0,157233.0,126741.0,94640.0,3466.0,2442.0,5107.0,6296.0,4818.0,6323.0,6628.0,3154.0,1533.0,4768.0
621,Boeing 737-200C,4183816.0,4344816.0,4015859.0,3180433.0,3630993.0,4055992.0,3727616.0,2526155.0,1651531.0,2034909.0,2034909.0,1619783.0,1677550.0,1373350.0,1009838.0,792927.0,480228.0,394920.0,89910.0,0.0,0.0,0.0,0.0,0.0,0.0,0.0,108.0,0.0,0.0,,,,
622,Boeing 757-200,25258696.0,30293980.0,36131411.0,44140992.0,50974745.0,58134156.0,63814546.0,65930630.0,72198700.0,80049234.0,80049234.0,72465192.0,76390030.0,70396408.0,71556678.0,72394524.0,71650111.0,72266445.0,65104886.0,60451480.0,57319337.0,56640935.0,54606325.0,49477254.0,41003584.0,31658718.0,25815680.0,22433191.0,23566573.0,25117145.0,7884436.0,12075958.0,17806064.0
623,Boeing 757-300,,,,,,,,,,,,339244.0,2571710.0,5021616.0,7335844.0,6963534.0,7430223.0,7563955.0,7162441.0,6427176.0,6771623.0,7308757.0,7068319.0,6702399.0,6332666.0,6611812.0,7025123.0,7066998.0,6615448.0,7251823.0,2779646.0,5663743.0,5764188.0
624,Boeing 767-400/ER,,,,,,,,,,502381.0,502381.0,4440182.0,6318081.0,6649372.0,6230372.0,6091387.0,4743424.0,3434737.0,2306564.0,1135115.0,734168.0,752686.0,818810.0,689720.0,559231.0,477644.0,550777.0,696330.0,1148732.0,1059685.0,334213.0,2609684.0,1209960.0
625,Boeing 767-200/ER/EM,8460903.0,7004735.0,7002928.0,6845163.0,6444765.0,7390402.0,7548984.0,6809745.0,7370685.0,7439046.0,7439046.0,6761299.0,7023814.0,5342677.0,4928977.0,4546779.0,2285159.0,2250461.0,1800869.0,2120901.0,2243858.0,2199371.0,2122405.0,1901600.0,643952.0,157338.0,81487.0,93856.0,91888.0,88576.0,20100.0,10824.0,8435.0
626,Boeing 767-300/300ER,4072991.0,5257808.0,5689179.0,6481007.0,7751326.0,8670978.0,9829198.0,10871484.0,14164892.0,18293721.0,18293721.0,16760075.0,18604840.0,19189314.0,19205187.0,17289440.0,14023984.0,14770150.0,13826921.0,11809684.0,11553241.0,9758959.0,9274018.0,7889744.0,7714346.0,7603890.0,7053390.0,5044411.0,3925269.0,3010396.0,1553256.0,4303742.0,3674517.0
627,Boeing 777-200ER/200LR/233LR,,,,,270536.0,1059212.0,1491532.0,2483413.0,2912052.0,4021326.0,4021326.0,4454302.0,4889460.0,4334292.0,3966213.0,3521375.0,3459868.0,3520409.0,2535767.0,2850288.0,3236514.0,2413777.0,1915880.0,1796186.0,1837441.0,2072131.0,2993362.0,4717670.0,5161384.0,6662892.0,2358070.0,4605442.0,5275962.0
628,Canadair RJ-100/RJ-100ER,,,,,,,65091.0,353134.0,165282.0,398223.0,398223.0,719347.0,6447417.0,7504759.0,7849849.0,7787992.0,6361915.0,5484972.0,3958296.0,2803505.0,3083324.0,2912921.0,1142939.0,,,,4075.0,7359.0,3614.0,3356.0,,,
629,Canadair RJ-200ER /RJ-440,,,,,,,,816889.0,2847783.0,9002201.0,9002201.0,8749494.0,11989301.0,30400197.0,37896042.0,42628412.0,41337481.0,43658066.0,42897204.0,41083042.0,40789209.0,40036046.0,38817210.0,38189429.0,33162923.0,29147183.0,27446900.0,24239918.0,23385720.0,23158911.0,7972064.0,12920413.0,11552691.0
630,McDonnell Douglas DC-9-10,4712082.0,3825144.0,3185343.0,2791662.0,3076091.0,2898894.0,2732309.0,5774125.0,1518320.0,1294067.0,1294067.0,1108415.0,966558.0,668463.0,559168.0,2122.0,,,,,,,,,,,,,,,,,
631,Canadair RJ-700,,,,,,,,,,,,151508.0,1728995.0,6018288.0,10013062.0,15182088.0,19233158.0,20424228.0,19702169.0,21148128.0,22457728.0,21373778.0,22833785.0,22629525.0,22106661.0,22581624.0,22303871.0,22573059.0,22629445.0,20700666.0,8666581.0,13318609.0,12581972.0
632,Dornier 328 Jet,,,,,,,,,,,,,553959.0,2052375.0,1832171.0,503911.0,532752.0,628193.0,120371.0,,,172.0,,,32695.0,45570.0,56639.0,104470.0,105312.0,113085.0,31695.0,55103.0,59478.0
633,Boeing 737-600,,,,,,,,,,,,,,,,,,,,,,,,,,,,,,,,,
634,Boeing 737-900,,,,,,,,,,,,,368333.0,2315636.0,3745753.0,3972475.0,3984329.0,4084461.0,4992883.0,6864716.0,7971800.0,8550286.0,10028950.0,14347153.0,19769684.0,24310145.0,23850969.0,26411136.0,5876496.0,4024270.0,872999.0,1343756.0,3366586.0
635,McDonnell Douglas DC-9-15F,983209.0,165735.0,1538.0,639.0,1286.0,133173.0,0.0,0.0,0.0,0.0,0.0,0.0,0.0,2181.0,11768.0,13906.0,13264.0,10129.0,8521.0,3415.0,4830.0,12033.0,6197.0,0.0,0.0,0.0,0.0,0.0,0.0,2.0,0.0,0.0,0.0
636,Cessna Citation II/ Bravo,,,,,,,,,,,,,,,,,33.0,189.0,126.0,55.0,142.0,328.0,25.0,,,,48.0,181.0,621.0,342.0,372.0,174.0,306.0
637,Boeing 777-300/300ER/333ER,,,,,,,,,,,,,,,,,,,,,,,,3542.0,9832.0,15962.0,249515.0,441806.0,108975.0,281467.0,270702.0,2389651.0,2000150.0
638,Canadair CRJ 900,,,,,,,,,,,,,,89041.0,2106260.0,3451396.0,4989954.0,6974975.0,11142376.0,14183063.0,14481190.0,14529511.0,14253774.0,14962580.0,19081804.0,24916249.0,26167374.0,27979903.0,28722799.0,30267440.0,15171708.0,24620341.0,24195844.0
639,Cessna Citationjet/CJ1/CJ2/CJ3,,,,,,,,,,,,,,,114.0,,,,,,,,,,,,,14.0,4.0,193.0,73.0,72.0,366.0
640,McDonnell Douglas DC-9-30,38933219.0,31338382.0,26379830.0,24180508.0,32038520.0,30488347.0,32633573.0,27819887.0,29786649.0,25151625.0,25151625.0,19445376.0,15755102.0,12224345.0,10298772.0,9499814.0,7466848.0,6154014.0,3725061.0,2860166.0,1167493.0,32141.0,18707.0,0.0,0.0,0.0,0.0,0.0,0.0,0.0,0.0,0.0,0.0
641,Gulfstream Aerospace G-III/G-IV,,,,,,,,,,,,,,,,,,,,814.0,1614.0,1427.0,1479.0,2017.0,2067.0,1856.0,1556.0,952.0,954.0,1362.0,1113.0,18572.0,13820.0
642,Raytheon Beechcraft Hawker 400XP,,,,,,,,,,,,,,,,,,,,349.0,42.0,,,,,,5305.0,25616.0,11799.0,0.0,41.0,501.0,80.0
643,1124A Westwind II,,,,,,,,,,,,,,,,,,,,165.0,378.0,454.0,394.0,330.0,54.0,,459.0,1419.0,,,,,
644,Airbus Industrie A-318,,,,,,,,,,,,,,176085.0,812168.0,1096063.0,1241730.0,1632714.0,1893647.0,1796806.0,1337845.0,714359.0,571766.0,176843.0,,,,,,,,,
645,McDonnell Douglas DC-9-40,400474.0,594848.0,1683563.0,1652081.0,1850576.0,1758861.0,1837067.0,1663568.0,2027647.0,1745434.0,1745434.0,1500058.0,1399347.0,1492148.0,1382492.0,1315025.0,1129259.0,1536312.0,1125422.0,873114.0,928909.0,748.0,398.0,0.0,,,,,,,,,
646,Cessna Citation X Model 650/550B/550XL,,,,,,,,,,,,,,,,,514.0,1416.0,906.0,1012.0,1076.0,653.0,480.0,663.0,550.0,530.0,561.0,962.0,785.0,728.0,1156.0,1167.0,810.0
647,Cessna Citation X Model CE750 X,,,,,,,,,,,,,,,,,420.0,2094.0,883.0,345.0,348.0,259.0,207.0,0.0,,,101.0,93.0,111.0,665.0,355.0,892.0,547.0
648,Gulfstream G200,,,,,,,,,,,,,,,,,,,,123.0,839.0,1091.0,483.0,726.0,518.0,502.0,318.0,475.0,,563.0,1517.0,4241.0,2929.0
649,Tupolev TU-204-300,,,,,,,,,,,,,,,,,,,,,,,51.0,,,,,,,,,,
650,McDonnell Douglas DC-9-50,9986159.0,7359075.0,7379667.0,7130519.0,10420535.0,10616196.0,9989218.0,10298870.0,10258752.0,9648207.0,9648207.0,6963537.0,4251021.0,4228202.0,4424936.0,4737409.0,4680508.0,5251134.0,5116478.0,4784594.0,4988412.0,4816994.0,3367430.0,2760157.0,30303.0,0.0,,,,,,,
651,Gulfstream G150,,,,,,,,,,,,,,,,,,,,266.0,211.0,266.0,210.0,323.0,947.0,699.0,578.0,578.0,619.0,156.0,,33.0,73.0
652,Canadair CL-600 Challenger,,,,,,,,,,,,,,,,,,,,,,,,,,,242.0,947.0,765.0,125.0,,,48.0
653,Cessna CE-680 Citation Sovereign,,,,,,,,,,,,,,,,,,,,,,,,,,,,,,,,245.0,524.0
654,McDonnell Douglas DC9 Super 87,,,,,,164575.0,787670.0,982014.0,969978.0,625800.0,625800.0,374676.0,170998.0,230921.0,78154.0,,,,,,8929.0,139746.0,146478.0,10696.0,,,,,,,,,
655,McDonnell Douglas DC9 Super 80/MD81/82/83/88,59948179.0,65892234.0,75750093.0,77372833.0,83503676.0,89869184.0,92882953.0,94953740.0,93808449.0,93978136.0,93978136.0,83941877.0,75286404.0,73001300.0,76660763.0,77120004.0,73459007.0,72796033.0,68921675.0,63024016.0,61429399.0,59084001.0,58217500.0,56766548.0,53451743.0,48727122.0,42984739.0,38111834.0,31934157.0,19556614.0,2096483.0,3213.0,1228.0
656,McDonnell Douglas MD-90,,,,,563861.0,2304343.0,3191070.0,3723465.0,3544883.0,3231259.0,3231259.0,2289369.0,2160305.0,2205845.0,2095704.0,2393194.0,2635476.0,2578284.0,2583537.0,2582984.0,2758888.0,3870455.0,7755605.0,11733903.0,13986544.0,14325812.0,13826623.0,12182252.0,10078402.0,7327324.0,1002327.0,,
657,Bombardier CRJ 705,,,,,,,,,,,,,,,,,,,,,,,,,,,,,,,,,
658,Bombardier BD-700 Global Express,,,,,,,,,,,,,,,,,,,,,27.0,62.0,37.0,27.0,,,254.0,509.0,640.0,1350.0,257.0,1971.0,1254.0
659,Bombardier (Gates) Learjet 60,,,,,,,,,,,,,,,,,,,,,,,,,,,,,,117.0,390.0,227.0,
660,Gates Learjet Lear-23,,,,,,,,,,,,,,,,,,,,,,,,,,,,,,,,,
661,Gates Learjet Lear-24,,,,,,,,,,,,,,,,,,,,,,,,,,,,,,,,,
662,Gates Learjet Lear-25,,,,,,,,,,,,,,,,37.0,50.0,,,,,,,,,,,,,,,,
663,Gates Learjet Lear-31/35/36,,,,,,,,,,,,,,,,,,,,,,,,,,,499.0,859.0,157.0,0.0,,,
664,HFB-320 Hansa,,,,,,,,,,,,,,,,,,,,,,,,,,,,,,,,,
665,Hawker Siddeley 125,,,,,,,,,,,,,,,,,,,,,,,,,,,,7.0,,,,299.0,11.0
666,Lear 55,,,,,,,,,,,,,,,,,,,,,,,,,,,,,,,,,
667,Gulfstream III/V/ G-V Exec/ G-5/550,,,,,,,,,,,,,,,,,,,,150.0,451.0,265.0,300.0,52.0,287.0,239.0,359.0,494.0,244.0,923.0,551.0,5023.0,3733.0
668,Canadair (Bombardier) Challlenger 601,,,,,,,,,,,,,,,,,,,,10.0,,,,,,,,11.0,,,,,
669,Bombardier Challenger 604/605,,,,,,,,,,,,,,,,,,,,32.0,1.0,50.0,16.0,2.0,8.0,,1159.0,4543.0,5229.0,6923.0,4748.0,14054.0,22262.0
670,Rockwell Sabreliner,,,,,,,,,,,,,,0.0,,,,,,,,,,,,,,,,,,,
671,Gulfstream G450,,,,,,,,,,,,,,,,,,,,247.0,748.0,618.0,651.0,432.0,467.0,553.0,581.0,627.0,421.0,71.0,,4110.0,5804.0
673,Embraer ERJ-175,,,,,,,,,,,,,,,,,,1465414.0,6450685.0,8023106.0,9323774.0,8945034.0,8976973.0,9306592.0,12624070.0,19031252.0,26451040.0,33246508.0,39350090.0,46038182.0,25021745.0,48284573.0,49621240.0
674,Embraer-135,,,,,,,,,153640.0,1371002.0,1371002.0,2423183.0,2944903.0,3419978.0,3863239.0,3812911.0,3977209.0,4231855.0,2823768.0,972746.0,1180892.0,1017659.0,1358994.0,936408.0,602975.0,335640.0,318911.0,311888.0,224352.0,625301.0,316298.0,515165.0,723824.0
675,Embraer-145,,,,,,,336729.0,1816515.0,4647701.0,7163085.0,7163085.0,8872513.0,12590430.0,19427369.0,26121046.0,32479937.0,34192679.0,33159199.0,29432777.0,27877990.0,30169187.0,29189536.0,30527914.0,30778661.0,28990612.0,24814406.0,20534425.0,17567757.0,18054479.0,18988622.0,6917701.0,10458260.0,10212757.0
676,Embraer-140,,,,,,,,,,,,177597.0,1802778.0,4270756.0,4587049.0,4625988.0,4811283.0,4690747.0,4304234.0,4442261.0,4870420.0,5045488.0,5175205.0,4863107.0,3292533.0,1162357.0,989882.0,256144.0,2338463.0,3133437.0,1043623.0,132551.0,
677,Embraer-Emb-170,,,,,,,,,,,,,,,979447.0,3622535.0,5916388.0,6601938.0,5865779.0,7884645.0,7359756.0,6706555.0,6658312.0,6990609.0,6842266.0,6525013.0,5123790.0,4877085.0,5326018.0,5236684.0,1961516.0,2654782.0,2811527.0
678,Embraer 190,,,,,,,,,,,,,,,,58427.0,1937054.0,3953102.0,6552476.0,7982184.0,9158212.0,9932004.0,10816617.0,10559138.0,10717153.0,11113930.0,10984251.0,10936488.0,11072700.0,10666190.0,2225216.0,4537537.0,6230118.0
679,Grumman G-1159 Gulfstream II/III,,,,,,,,,,,,,,,,,,,,55.0,,,,,,,,,,,,,
680,Aerospatiale Caravelle SE-210,,,,,,,,,,,,,,,,,,,,,5374.0,,,,,,,,,,,,
681,Dassault-Breguet Mystere-Falcon,,,0.0,0.0,,0.0,0.0,0.0,0.0,0.0,0.0,0.0,14.0,0.0,0.0,160.0,115.0,14.0,5.0,0.0,0.0,0.0,0.0,0.0,0.0,0.0,0.0,6.0,0.0,0.0,0.0,0.0,0.0
682,Dassault Falcon 2000EX/2000lxs,,,,,,,,,,,,,,,,,,,,,,,,,74.0,82.0,210.0,859.0,524.0,372.0,38.0,278.0,84.0
683,Boeing B777-F,,,,,,,,,,,,,,,,,,,,,0.0,0.0,0.0,0.0,0.0,0.0,0.0,0.0,0.0,0.0,0.0,0.0,0.0
684,Raytheon Beechcraft Hawker 800XP,,,,,,,,,,,,,,,,,,,,169.0,573.0,704.0,649.0,708.0,714.0,1210.0,1014.0,1370.0,1241.0,396.0,,,
685,Cessna 510 Mustang/560XL Citation Excel,,,,,,,,,,,,,,,,,,,,,,,,144.0,442.0,354.0,776.0,341.0,392.0,1373.0,650.0,1040.0,1063.0
686,Learjet45,,,,,,,,,,,,,,,,,,,,,,,,,,,,,298.0,365.0,531.0,169.0,
687,Airbus Industrie A330-300/333,,,,,,,,,,,,,,,,,,,,213050.0,393392.0,254207.0,230269.0,231513.0,223515.0,422349.0,779590.0,897666.0,573471.0,682190.0,430035.0,1168170.0,821892.0
688,Bombardier Global 5000,,,,,,,,,,,,,,,,,,,,,,,,,,,1574.0,3610.0,4655.0,4404.0,422.0,285.0,195.0
689,Airbus Industrie A330-600ST (Beluga),,,,,,,,,,,,,,,,,,,,,,,,,,,,,,,,,
690,Airbus Industrie A300B/C/F-100/200,5296795.0,4301964.0,3803155.0,3784997.0,1516657.0,628103.0,824939.0,55317.0,,,,,0.0,0.0,0.0,0.0,0.0,0.0,0.0,0.0,,,0.0,,,,,,,,,,
691,Airbus Industrie A300-600/R/CF/RCF,1250511.0,2688646.0,3410409.0,3632645.0,4185544.0,3903244.0,3076689.0,2575619.0,2310381.0,2407184.0,2407184.0,2381172.0,2287603.0,2483338.0,2743598.0,2890706.0,2481222.0,2778581.0,2330683.0,596128.0,0.0,0.0,0.0,0.0,0.0,0.0,0.0,0.0,0.0,0.0,0.0,0.0,0.0
692,Airbus Industrie A310-200C/F,167733.0,121514.0,185903.0,187174.0,0.0,,,,4688.0,,,,0.0,0.0,0.0,0.0,0.0,0.0,0.0,0.0,0.0,0.0,0.0,0.0,0.0,0.0,0.0,0.0,0.0,0.0,0.0,,
693,Airbus Industrie A310-300,1574669.0,121265.0,180759.0,210832.0,117104.0,,,,,,,,,,,,,,,,,,,,,,,,,,,,
694,Airbus Industrie A320-100/200,1013040.0,3069473.0,6352634.0,8989030.0,13438598.0,14926262.0,15309186.0,17489675.0,20229949.0,26438588.0,26438588.0,29041142.0,35733159.0,40695401.0,48783625.0,54531203.0,56091275.0,56758604.0,55686460.0,53355489.0,56573088.0,61376658.0,64369888.0,67129036.0,70037489.0,73963802.0,78532900.0,81136760.0,81142267.0,85259496.0,35978915.0,60158975.0,76344110.0
695,Airbus Industrie A300-B2,,,,,,,,,,,,,,,,,,,,,,,,,,,,,,,105.0,656.0,779.0
696,Airbus Industrie A330-200,,,,,,,,,,6558.0,6558.0,90829.0,117759.0,116283.0,127307.0,130978.0,127651.0,417211.0,353686.0,150118.0,538706.0,1095508.0,1319256.0,1865968.0,2792298.0,2871268.0,3436598.0,3412556.0,3105309.0,3231704.0,936376.0,2719229.0,3226963.0
697,Airbus Industrie A340,,,,,,,,,,,,,,,,,,,,,,,,,,,,,,,,,
698,Airbus Industrie A319,,,,,,,,721741.0,5522547.0,12044948.0,12044948.0,18440899.0,23515297.0,26618636.0,29248358.0,34878668.0,38667302.0,41318989.0,39877351.0,37617026.0,37982479.0,39719577.0,39274025.0,41200304.0,44649166.0,46254224.0,45186063.0,43713394.0,47408917.0,49878803.0,21771932.0,31556802.0,42414011.0
699,Airbus Industrie A321/Lr,,,,,,,,,,,,2088437.0,4494239.0,4194824.0,4135616.0,5260489.0,5755633.0,5836780.0,5514347.0,7458900.0,9888958.0,10024432.0,13308871.0,17281163.0,22917237.0,32578649.0,45157125.0,58421713.0,71389154.0,82547365.0,36207451.0,69613098.0,87371360.0
710,Boeing 727-100,10262572.0,7069830.0,4014303.0,1934545.0,22.0,127.0,1589.0,9657.0,21672.0,54798.0,54798.0,36948.0,5398.0,1401.0,4502.0,0.0,0.0,0.0,0.0,0.0,0.0,0.0,0.0,0.0,,,,,0.0,,,,
711,Boeing 727-100C/QC,25173.0,21443.0,23141.0,21669.0,29105.0,39338.0,35551.0,21519.0,26470.0,16145.0,16145.0,,0.0,0.0,0.0,0.0,0.0,0.0,,,,,,,,,,,,,,,
714,Sukhoi Superjet 100,,,,,,,,,,,,,,,,,,,,,,,,,,,,,,,,,
715,Boeing 727-200/231A,94272153.0,81248455.0,77838421.0,68608559.0,60739609.0,59844847.0,60720292.0,60066292.0,54545658.0,44286113.0,44286113.0,29642333.0,8407742.0,1687762.0,1139073.0,721160.0,589579.0,442773.0,91636.0,699.0,1413.0,1178.0,0.0,0.0,0.0,0.0,0.0,0.0,0.0,0.0,0.0,0.0,0.0
717,Mrj-70/Std/ER/Lr,,,,,,,,,,,,,,,,,,,,,,,,,,,,,,,,,
718,Mrj-90/Std/Sr/Lr,,,,,,,,,,,,,,,,,,,,,,,,,,,,,,,,,
719,Airbus Industrie A319-200n,,,,,,,,,,,,,,,,,,,,,,,,,,,,,,,,,
720,Bombardier C Series Cs100,,,,,,,,,,,,,,,,,,,,,,,,,,,,,,,,,
721,Airbus Industrie A321-200n,,,,,,,,,,,,,,,,,,,,,,,,,,,,126887.0,1481709.0,3111503.0,2642393.0,8508281.0,14262808.0
722,Airbus Industrie A320-200n,,,,,,,,,,,,,,,,,,,,,,,,,,,,,4372816.0,12783121.0,9708487.0,19062235.0,26162777.0
723,A200-100 BD-500-1A10,,,,,,,,,,,,,,,,,,,,,,,,,,,,,,1833273.0,1487118.0,3426449.0,5405718.0
724,A220-300 BD-500-1A11,,,,,,,,,,,,,,,,,,,,,,,,,,,,,,,11497.0,1161566.0,3423940.0
725,Dassault Falcon 8x,,,,,,,,,,,,,,,,,,,,,,,,,,,,,,,,,
730,McDonnell Douglas DC-10-10,19337292.0,18779034.0,18806161.0,15733510.0,10464397.0,9038514.0,8370886.0,8532892.0,5699296.0,3004691.0,3004691.0,1408349.0,1053023.0,72947.0,0.0,0.0,0.0,0.0,0.0,0.0,0.0,0.0,0.0,0.0,0.0,0.0,0.0,0.0,0.0,0.0,0.0,0.0,
731,McDonnell Douglas DC-10-20,,,,,,,,,,,,,,,,,,,,,,,,,,,,,,,,,
732,McDonnell Douglas DC-10-30,2123883.0,1894620.0,2328483.0,2927024.0,2595973.0,2660998.0,2900540.0,2838228.0,2950122.0,2394252.0,2394252.0,1900729.0,925593.0,974566.0,747670.0,648251.0,282072.0,65870.0,8458.0,2555.0,772.0,314.0,0.0,0.0,0.0,0.0,0.0,0.0,0.0,0.0,0.0,0.0,0.0
733,McDonnell Douglas DC-10-40,3018169.0,2995378.0,2993396.0,3072143.0,2894217.0,3030176.0,3087644.0,2419288.0,2871313.0,3834070.0,3834070.0,3100088.0,1212038.0,564.0,0.0,0.0,0.0,0.0,0.0,0.0,,,,,,,,,,,,,
735,McDonnell Douglas DC-10-30CF,,,,,,0.0,0.0,,,,,,0.0,,,,0.0,,0.0,0.0,0.0,,,,,,,,,,,,
737,Boeing 737 Max 7,,,,,,,,,,,,,,,,,,,,,,,,,,,,,,,,,
740,McDonnell Douglas MD-11,,136719.0,263890.0,663883.0,655086.0,495117.0,537610.0,451809.0,361956.0,359983.0,359983.0,573409.0,873262.0,269419.0,29244.0,13710.0,8250.0,2823.0,3872.0,862.0,3567.0,5144.0,2441.0,2660.0,2859.0,0.0,0.0,0.0,0.0,0.0,0.0,0.0,0.0
745,Embraer Legacy 500,,,,,,,,,,,,,,,,,,,,,,,,,,,,,,,,,
746,Emb500 Phenom 100/300,,,,,,,,,,,,,,,,,,,,,,,,,,,,,,,,,
748,Embraer EMB195,,,,,,,,,,,,,,,,,,,,,,,,,,,,,,,,113955.0,319465.0
749,Gulfstream Aerospace G500,,,,,,,,,,,,,,,,,,,,,,,,,,,,,,,,,
750,Gulfstream G650,,,,,,,,,,,,,,,,,,,,,,,,,,18.0,168.0,583.0,536.0,613.0,635.0,1017.0,942.0
751,Bombardier Global 7500 BD-7500,,,,,,,,,,,,,,,,,,,,,,,,,,,,,,,,0.0,9.0
755,Embraer Legacy 600,,,,,,,,,,,,,,,,,,,,,,,,,,,,,,,,,
760,Lockheed L-1011-1/100/200,11139255.0,10157578.0,12040859.0,10881519.0,10378439.0,10821895.0,9198084.0,7251664.0,6262545.0,4156967.0,4156967.0,2031361.0,351634.0,11021.0,6795.0,2255.0,,,,,,,,,,,,,,,,,
765,Lockheed L-1011-500 Tristar,130991.0,208379.0,237792.0,442214.0,1149049.0,1181014.0,1954226.0,2899655.0,2320984.0,1568863.0,1568863.0,82847.0,17758.0,1235.0,5359.0,1918.0,553.0,3287.0,894.0,,,,,,,,,,,,,,
770,Dassault Falcon 900/900EX,,,,,,,,,,,,,,,,,,,,,,,,,,,266.0,616.0,487.0,698.0,298.0,500.0,360.0
771,Dassault Falcon 50,,,,,,,,,,,,,,,,,,,,,,,,,,,41.0,1.0,,,,166.0,572.0
774,Dassault Falcon 2000,,,,,,,,,,,,,,,,,,,,,,,,,,,,,2.0,282.0,287.0,1637.0,379.0
775,Dassault Falcon 7X,,,,,,,,,,,,,,,,,,,,,,,,,,,436.0,869.0,529.0,596.0,349.0,496.0,412.0
780,Tupolev TU-154,,,,,,,,,,,,,,,,,,,,,,,,,,,,,,,,,
788,Bombardier Global 6000/Global Xrs,,,,,,,,,,,,,,,,,,,,,,,,,,,,,,182.0,149.0,500.0,676.0
792,Yakolev Yak-42,,,,,,,,,,,,,,,,,,,,,,,,,,,,,,,,,
800,Boeing 707-100,0.0,0.0,0.0,,,,,,,,,,,,,,,,,,,,,,,,,,,,,,
802,Boeing 707-100B,,,,,,,,,,,,,,,,,,,,,,,,,,,,,,,,,
804,Boeing 707-200,,,,,,,,,,,,,,,,,,,,,,,,,,,,,,,,,
806,Boeing 707-300,,,,,,,,,,,,,,,,,,,,,,,,,,,,,,,,,
808,Boeing 707-300B,1692.0,,,,,,,,,,,,,,,,,,,,,,,,,,,,,,,,
809,Boeing 707-300C,0.0,0.0,0.0,0.0,0.0,0.0,0.0,0.0,0.0,,,,,,,,,,,,,,,,,,,,,,,,
810,Boeing 707-400,,,,,,,,,,,,,,,,,,,,,,,,,,,,,,,,,
812,Boeing 720-000,,,,,,,,,,,,,,,,,,,,,,,,,,,,,,,,,
814,Boeing 720-000B,,,,,,,,,,,,,,,,,,,,,,,,,,,,,,,,,
816,Boeing 747-100,2993052.0,2634150.0,2598427.0,2969501.0,2266659.0,2831054.0,2051918.0,1890151.0,1699946.0,155020.0,155020.0,0.0,0.0,0.0,0.0,0.0,0.0,0.0,0.0,0.0,0.0,0.0,,,,,,,,,,,
817,Boeing 747-200/300,1171568.0,1009720.0,410009.0,359811.0,230096.0,407431.0,643740.0,407564.0,1259347.0,1321421.0,1321421.0,124242.0,114853.0,40564.0,4538.0,362.0,731.0,4736.0,5200.0,2081.0,0.0,0.0,0.0,0.0,0.0,0.0,0.0,0.0,,,,,
818,Boeing 747C,,,,,,,,,,,,,,,,,,0.0,0.0,0.0,0.0,,,,,,,,,,,,
819,Boeing 747-400,135416.0,281769.0,243255.0,306141.0,254811.0,163771.0,194036.0,354746.0,1378083.0,885558.0,885558.0,494742.0,893475.0,518109.0,481286.0,159378.0,185338.0,90819.0,78172.0,228242.0,251625.0,42430.0,30214.0,23559.0,29215.0,158452.0,97089.0,21006.0,9726.0,6466.0,4180.0,4875.0,8081.0
820,Boeing 747-400F,0.0,0.0,0.0,0.0,0.0,0.0,0.0,0.0,0.0,0.0,0.0,0.0,0.0,0.0,0.0,0.0,0.0,0.0,0.0,0.0,0.0,0.0,0.0,0.0,0.0,0.0,0.0,0.0,0.0,0.0,0.0,0.0,0.0
821,Boeing B747-8,,,,,,,,,,,,,,,,,,,,,,,0.0,0.0,0.0,1.0,0.0,2.0,0.0,0.0,5.0,13.0,35.0
822,Boeing 747SP,53188.0,71815.0,93314.0,138346.0,,,,,,,,,,,,,,,,,,,,,,1175.0,90592.0,,,,,,
823,Boeing 747-200F,,,,,,,,,,,,,,,,,,,,,,,,,,,,,,,,,
824,Airbus A330-900neo,,,,,,,,,,,,,,,,,,,,,,,,,,,,,,,,,
825,Convair 880 (CV-22/22m),,,,,,,,,,,,,,,,,,,,,,,,,,,,,,,,,
830,Convair 990 Coronado (CV-30),,,,,,,,,,,,,,,,,,,,,,,,,,,,,,,,,
833,Embraer Legacy 650,,,,,,,,,,,,,,,,,,,,,,,,,,,,,,,,830.0,1325.0
835,Avroliner RJ85,,,,,,,21221.0,901309.0,1914647.0,2738689.0,2738689.0,2912882.0,2726410.0,2865749.0,2704502.0,2851080.0,1368233.0,,,,,,,,,,,,,,,,
836,Airbus 350-1000,,,,,,,,,,,,,,,,,,,,,,,,,,,,,,,,,
837,Boeing 787-10 Dreamliner,,,,,,,,,,,,,,,,,,,,,,,,,,,,,3009.0,590139.0,277381.0,318188.0,832044.0
838,Boeing B737 Max 800,,,,,,,,,,,,,,,,,,,,,,,,,,,,,3411032.0,1735021.0,853.0,9076202.0,13647138.0
839,Boeing B737 Max 900,,,,,,,,,,,,,,,,,,,,,,,,,,,,,745252.0,326439.0,,4667066.0,9961654.0
840,McDonnell Douglas DC-8-10,,,,,,,,,,,,,,,,,,,,,,,,,,,,,,,,,
842,McDonnell Douglas DC-8-20,,,,,,,,,,,,,,,,,,,,,,,,,,,,,,,,,
844,McDonnell Douglas DC-8-30,,,,,,,,,,,,,,,,,,,,,,,,,,,,,,,,,
846,McDonnell Douglas DC-8-40,,,,,,,,,,,,,,,,,,,,,,,,,,,,,,,,,
848,McDonnell Douglas DC-8-50,,,,,,,,,,,,,,,,,,,,,,,,,,,,,,,,,
850,McDonnell Douglas DC-8-50F,0.0,0.0,0.0,0.0,0.0,0.0,0.0,0.0,0.0,0.0,0.0,0.0,0.0,,,,,,,,,,,,,,,,,,,,
851,McDonnell Douglas DC-8-61,18528.0,49360.0,42275.0,84.0,99.0,0.0,0.0,0.0,0.0,0.0,0.0,0.0,0.0,0.0,0.0,0.0,0.0,0.0,,2.0,,7.0,,,,,,,,,,,
852,McDonnell Douglas DC-8-63F,1291.0,0.0,0.0,0.0,0.0,0.0,0.0,0.0,0.0,0.0,0.0,0.0,0.0,0.0,,,0.0,0.0,0.0,0.0,0.0,0.0,,,,,,,,,,,
854,McDonnell Douglas DC-8-62,82369.0,67651.0,151281.0,20612.0,8173.0,460.0,0.0,0.0,0.0,0.0,0.0,0.0,5.0,0.0,,,0.0,0.0,,,0.0,0.0,64.0,,,,,,,,,,
856,McDonnell Douglas DC-8-63,0.0,0.0,0.0,,0.0,141.0,0.0,0.0,0.0,0.0,0.0,0.0,0.0,0.0,0.0,0.0,0.0,0.0,,,,,,,,,,,,,,,
860,McDonnell Douglas DC-8-71,3243508.0,1203119.0,0.0,0.0,0.0,0.0,,0.0,0.0,0.0,0.0,0.0,0.0,0.0,0.0,0.0,0.0,0.0,0.0,0.0,0.0,0.0,0.0,,,,,,,,,,
862,McDonnell Douglas DC-8-72,,,,,,,,,,,,,,,,,,95.0,,0.0,,143.0,216.0,107.0,8.0,,,,,,,,
864,McDonnell Douglas DC-8-73,0.0,0.0,0.0,,,,0.0,0.0,,0.0,0.0,0.0,0.0,0.0,0.0,0.0,0.0,0.0,0.0,0.0,0.0,0.0,0.0,,,,,,,,,,
865,McDonnell Douglas DC-8-73F,0.0,0.0,0.0,0.0,0.0,0.0,0.0,0.0,0.0,0.0,0.0,0.0,0.0,0.0,0.0,0.0,0.0,0.0,0.0,0.0,0.0,0.0,0.0,,,,,,,,,,
866,British Aerospace BAe-146-100/RJ70,676781.0,69380.0,,3850.0,123372.0,20011.0,,,,,,,,,,,,,,,,,,,,,,,,,,,
867,British Aerospace BAe-146-200,3181764.0,1339048.0,619076.0,393144.0,109368.0,783254.0,742140.0,16005.0,,,,,,,,,,,,,,,,,,,,,,,,,
868,British Aerospace BAe-146-300,1224645.0,1243872.0,1418951.0,1478399.0,1692298.0,1821290.0,2024537.0,2487624.0,2614053.0,2445108.0,2445108.0,2216913.0,1984199.0,1985624.0,2095104.0,1494313.0,178119.0,,,,,,,,,,,,,,,,
870,Lockheed Jetstar,,,,,,,,,,,,,,,,,,,13.0,15.0,,,,,,,,,,,,,
871,Airbus Industrie A340-300,,,,,,,,,,,,,,,,,,,,,,,,,,,,,,,,,
872,Airbus Industrie A340-500,,,,,,,,,,,,,,,,,,,,,,,,,,,,,,,,,
873,Airbus Industrie A340-200,,,,,,,,,,,,,,,,,,,,,,,,,,,,,,,,,
874,Airbus Industrie A340-600,,,,,,,,,,,,,,,,,,,,,,,,,,,,,,,,,
875,Aerospatiale/British Aerospace Concorde,,,,,,,,,,,,,,,,,,,,,,,,,,,,,,,,,
876,Ilyushin 62,,,,,,,,,,,,,,,,,,,,,,,,,,,,,,,,,
877,Ilyushin 76/TD,,,,,,,,,,,,,,,,,,,,,,,,,,,,,,,,,
878,Ilyushin 86,,,,,,,,,,,,,,,,,,,,,,,,,,,,,,,,,
879,Ilyushin 96,,,,,,,,,,,,,,,,,,,,,,,,,,,,,,,,,
880,Antonov 124,,,,,,,,,,,,,,,,,,,,,,,,,,,,,,,,,
881,Ilyushiin Il-96-400t,,,,,,,,,,,,,,,,,,,,,,,,,,,,,,,,,
882,Airbus Industrie A380-800,,,,,,,,,,,,,,,,,,,,,,,,,,,,,,,,,
885,Boeing B737-Max10,,,,,,,,,,,,,,,,,,,,,,,,,,,,,,,,,
887,B787-800 Dreamliner,,,,,,,,,,,,,,,,,,,,,,,69063.0,228905.0,266173.0,426251.0,517727.0,459765.0,517601.0,909852.0,526984.0,1125826.0,718324.0
888,Boeing 737-900ER,,,,,,,,,,,,,,,,,,,,,,,,,4706724.0,10682602.0,20073676.0,25504670.0,51771769.0,60531218.0,21982120.0,43604763.0,53349249.0
889,B787-900 Dreamliner,,,,,,,,,,,,,,,,,,,,,,,,,12203.0,127467.0,239304.0,215140.0,431896.0,599413.0,508595.0,1451565.0,1423517.0
890,Antonov 225 (6 Engine),,,,,,,,,,,,,,,,,,,,,,,,,,,,,,,,,
999,Used for capturing expenses not attributed to specific aircraft types,,,,,,,,,,,,,,,,,,,,,,,,,,,,,,,,,
